{"cameraMode":{"drawMode":0,"name":"Shaded","section":"Shading Mode"},"sceneLighting":true,"audioPlay":false,"sceneViewState":{"showFog":true,"showMaterialUpdate":false,"showSkybox":true,"showFlares":true,"showImageEffects":true,"showParticleSystems":true},"in2DMode":false,"pivot":{"x":267.8507080078125,"y":226.07986450195313,"z":0.00000762939453125},"rotation":{"x":0.02931959554553032,"y":0.0020871898159384729,"z":-0.0000996115559246391,"w":0.9996116161346436},"size":101.23880767822266,"orthographic":false}